<?xml version="1.0" encoding="UTF-8"?>
<beans xmlns="http://www.springframework.org/schema/beans"
    xmlns:xsi="http://www.w3.org/2001/XMLSchema-instance"
    xsi:schemaLocation="http://www.springframework.org/schema/beans
        https://www.springframework.org/schema/beans/spring-beans.xsd"
        >

<!-- <bean name="l1" class="com.mphasis.training.Laptop">
</bean> -->
<!--  Laptop l1=new Laptop(); -->
<bean name="processor" class="com.mphasis.training.SnapDragon" lazy-init="true"></bean>
<bean name="ip" class="com.mphasis.training.I5Prcoessor"></bean>
<!--  setter injection -->
<bean name="l1" class="com.mphasis.training.Laptop" init-method="init" destroy-method="destroy" autowire="byType">
	<property name="modelNum" value="345678"></property>
	<property name="brand" value="HP"></property>
	<property name="ramsize" value="32GB"></property>
	<!-- <property name="processor" ref="p1"></property> -->
</bean>

<!--  Constuctor Injection -->
<bean name="l2" class="com.mphasis.training.Laptop">
	<constructor-arg value="4567"></constructor-arg>
	<constructor-arg value="Sony"></constructor-arg>
	<constructor-arg value="8Gb"></constructor-arg>
	<constructor-arg ref="ip"></constructor-arg>
</bean>
</beans>