<!-- <?xml version="1.0"?>
<!DOCTYPE hibernate-mapping PUBLIC "-//Hibernate/Hibernate Mapping DTD 3.0//EN"
"http://hibernate.sourceforge.net/hibernate-mapping-3.0.dtd">
Generated 29 Jan, 2021 10:44:57 AM by Hibernate Tools 3.5.0.Final
<hibernate-mapping>
    <class name="com.mphasis.training.entites.Movie" table="MOVIE">
        <id name="movieId" type="int">
            <column name="MOVIEID" />
            <generator class="assigned" />
        </id>
        <property name="movieName" type="java.lang.String">
            <column name="MOVIENAME" />
        </property>
        <property name="hero" type="java.lang.String">
            <column name="HERO" />
        </property>
        <property name="heroine" type="java.lang.String">
            <column name="HEROINE" />
        </property>
    </class>
</hibernate-mapping>
 -->